wall,status,phase,physical_state,lat,lon,alt_m_amsl,alt_m_agl,velocity_ms,battery
21:10:01,IN_PROGRESS,ENROUTE,ENROUTE,38.061376,128.168474,199.3,0.0,0.0,100
21:10:09,IN_PROGRESS,ENROUTE,ENROUTE,38.061375,128.168473,202.0,2.6,0.0,90
21:10:17,IN_PROGRESS,ENROUTE,ENROUTE,38.061375,128.168474,224.6,25.3,0.0,77
21:10:25,IN_PROGRESS,ENROUTE,ENROUTE,38.061375,128.168474,248.6,49.2,0.0,63
21:10:33,IN_PROGRESS,ENROUTE,ENROUTE,38.061375,128.168474,272.6,73.3,0.0,51
21:10:41,IN_PROGRESS,ENROUTE,ENROUTE,38.061375,128.168474,296.6,97.2,0.0,50
21:10:49,IN_PROGRESS,ENROUTE,ENROUTE,38.061375,128.168474,320.5,121.1,0.0,50
21:10:57,IN_PROGRESS,ENROUTE,ENROUTE,38.061375,128.168474,344.5,145.2,9.7,50
21:11:05,IN_PROGRESS,ENROUTE,ENROUTE,38.061874,128.168472,352.8,153.4,10.0,50
21:11:13,IN_PROGRESS,ENROUTE,ENROUTE,38.062593,128.168477,352.7,153.3,10.0,50
21:11:21,IN_PROGRESS,ENROUTE,ENROUTE,38.063314,128.168480,352.7,153.4,10.0,50
21:11:29,IN_PROGRESS,ENROUTE,ENROUTE,38.064034,128.168482,352.7,153.3,10.0,50
21:11:37,IN_PROGRESS,ENROUTE,ENROUTE,38.064753,128.168484,352.7,153.3,10.0,50
21:11:45,IN_PROGRESS,ENROUTE,ENROUTE,38.065472,128.168486,352.7,153.3,10.0,50
21:11:53,IN_PROGRESS,ENROUTE,ENROUTE,38.066190,128.168488,352.7,153.3,10.0,50
21:12:01,IN_PROGRESS,ENROUTE,ENROUTE,38.066908,128.168490,352.7,153.4,10.0,50
21:12:09,IN_PROGRESS,ENROUTE,ENROUTE,38.067630,128.168492,352.7,153.4,10.1,50
21:12:17,IN_PROGRESS,ENROUTE,ENROUTE,38.068348,128.168494,352.7,153.4,10.0,50
21:12:25,IN_PROGRESS,ENROUTE,ENROUTE,38.069067,128.168496,352.7,153.3,9.9,50
21:12:33,IN_PROGRESS,ENROUTE,ENROUTE,38.069787,128.168498,352.7,153.4,8.1,50
21:12:41,IN_PROGRESS,ENROUTE,ENROUTE,38.070363,128.168495,352.7,153.3,0.2,50
21:12:49,IN_PROGRESS,OBSERVING,OBSERVING,38.070400,128.168500,352.7,153.4,0.0,50
21:12:57,IN_PROGRESS,OBSERVING,OBSERVING,38.070400,128.168500,352.7,153.3,0.0,50
21:13:05,IN_PROGRESS,OBSERVING,OBSERVING,38.070400,128.168499,352.7,153.4,0.0,50
21:13:13,COMPLETED,RETURNING,RETURNING,38.070400,128.168500,352.7,153.4,9.5,50
21:13:21,COMPLETED,RETURNING,RETURNING,38.069981,128.168498,352.7,153.4,9.9,50
21:13:29,COMPLETED,RETURNING,RETURNING,38.069259,128.168497,352.7,153.4,10.0,50
21:13:37,COMPLETED,RETURNING,RETURNING,38.068541,128.168494,352.7,153.3,9.9,50
21:13:45,COMPLETED,RETURNING,RETURNING,38.067820,128.168492,352.7,153.3,9.9,50
21:13:53,COMPLETED,RETURNING,RETURNING,38.067100,128.168490,352.7,153.3,9.9,50
21:14:01,COMPLETED,RETURNING,RETURNING,38.066381,128.168488,352.7,153.3,10.0,50
21:14:09,COMPLETED,RETURNING,RETURNING,38.065662,128.168486,352.7,153.4,9.9,50
21:14:17,COMPLETED,RETURNING,RETURNING,38.064942,128.168484,352.7,153.3,10.0,50
21:14:25,COMPLETED,RETURNING,RETURNING,38.064225,128.168481,352.7,153.3,10.0,50
21:14:33,COMPLETED,RETURNING,RETURNING,38.063505,128.168480,352.7,153.3,9.9,50
21:14:41,COMPLETED,RETURNING,RETURNING,38.062786,128.168478,352.7,153.3,10.0,50
21:14:49,COMPLETED,RETURNING,RETURNING,38.062067,128.168476,352.7,153.3,9.9,50
21:14:57,COMPLETED,RETURNING,RETURNING,38.061437,128.168470,352.7,153.3,0.1,50
21:15:05,COMPLETED,RETURNING,RETURNING,38.061392,128.168474,342.0,142.6,0.0,50
21:15:13,COMPLETED,RETURNING,RETURNING,38.061391,128.168473,329.9,130.6,0.0,50
21:15:21,COMPLETED,RETURNING,RETURNING,38.061392,128.168473,317.9,118.6,0.0,50
21:15:29,COMPLETED,RETURNING,RETURNING,38.061392,128.168473,305.9,106.6,0.0,50
21:15:37,COMPLETED,RETURNING,RETURNING,38.061392,128.168474,293.9,94.6,0.0,50
21:15:45,COMPLETED,RETURNING,RETURNING,38.061392,128.168473,281.9,82.6,0.0,50
21:15:53,COMPLETED,RETURNING,RETURNING,38.061391,128.168473,269.9,70.6,0.0,50
21:16:01,COMPLETED,RETURNING,RETURNING,38.061392,128.168474,258.0,58.6,0.0,50
21:16:09,COMPLETED,RETURNING,RETURNING,38.061391,128.168473,245.9,46.6,0.0,50
21:16:17,COMPLETED,RETURNING,RETURNING,38.061391,128.168473,233.9,34.6,0.0,50
21:16:25,COMPLETED,RETURNING,RETURNING,38.061392,128.168473,221.9,22.6,0.0,50
21:16:33,COMPLETED,RETURNING,RETURNING,38.061391,128.168473,209.9,10.6,0.0,50
21:16:41,COMPLETED,RETURNING,RETURNING,38.061391,128.168473,202.3,3.0,0.0,50
21:16:49,COMPLETED,DONE,LANDED,38.061391,128.168473,199.4,0.0,0.0,95
