wall,lat,lon,alt_amsl,alt_rel,v,mode,armed,batt,task_status,phase,physical
16:08:28,38.12044,128.201909,231.3,0.3,0.9,HOLD,True,93.0,IN_PROGRESS,ENROUTE,ENROUTE
16:08:46,38.12048,128.201825,282.4,51.3,0.0,HOLD,True,63.0,IN_PROGRESS,ENROUTE,ENROUTE
16:09:04,38.12048,128.201824,336.5,105.5,8.1,HOLD,True,50.0,IN_PROGRESS,ENROUTE,ENROUTE
16:09:22,38.121754,128.201821,350.0,119.0,10.0,HOLD,True,50.0,IN_PROGRESS,ENROUTE,ENROUTE
16:09:40,38.123371,128.201816,350.0,119.0,10.0,HOLD,True,50.0,IN_PROGRESS,ENROUTE,ENROUTE
16:09:58,38.124987,128.201812,349.9,118.9,10.0,HOLD,True,50.0,IN_PROGRESS,ENROUTE,ENROUTE
16:10:16,38.12661,128.201807,350.0,119.0,10.0,HOLD,True,50.0,IN_PROGRESS,ENROUTE,ENROUTE
16:10:34,38.12823,128.201803,350.0,119.0,10.0,HOLD,True,50.0,IN_PROGRESS,ENROUTE,ENROUTE
16:10:52,38.129495,128.201801,350.0,119.0,0.1,HOLD,True,50.0,IN_PROGRESS,OBSERVING,OBSERVING
16:11:10,38.1295,128.2018,350.0,119.0,0.0,HOLD,True,50.0,IN_PROGRESS,OBSERVING,OBSERVING
16:11:27,38.12926,128.201801,350.0,119.0,9.9,HOLD,True,50.0,COMPLETED,RETURNING,RETURNING
16:11:43,38.12783,128.201802,350.0,119.0,10.0,HOLD,True,50.0,COMPLETED,RETURNING,RETURNING
16:12:01,38.12639,128.201804,350.0,119.0,10.0,HOLD,True,50.0,COMPLETED,RETURNING,RETURNING
16:12:19,38.124768,128.201805,350.0,119.0,9.9,HOLD,True,50.0,COMPLETED,RETURNING,RETURNING
16:12:35,38.123158,128.201807,350.0,119.0,10.0,HOLD,True,50.0,COMPLETED,RETURNING,RETURNING
16:12:51,38.121717,128.201808,350.0,119.0,10.0,HOLD,True,50.0,COMPLETED,RETURNING,RETURNING
16:13:07,38.120521,128.201806,347.0,116.0,0.1,LAND,True,50.0,COMPLETED,RETURNING,RETURNING
16:13:26,38.120514,128.201808,322.9,91.9,0.0,LAND,True,50.0,COMPLETED,RETURNING,RETURNING
16:13:44,38.120514,128.201808,295.9,64.9,0.0,LAND,True,50.0,COMPLETED,RETURNING,RETURNING
16:14:02,38.120514,128.201808,268.9,37.9,0.0,LAND,True,50.0,COMPLETED,RETURNING,RETURNING
16:14:20,38.120514,128.201808,241.8,10.8,0.0,LAND,True,50.0,COMPLETED,RETURNING,RETURNING
16:14:38,38.120514,128.201809,232.4,-0.1,0.0,HOLD,False,100.0,COMPLETED,DONE,LANDED
